{
    "IDAC": {
        "CE_DACA":                      		[0.000039,  0.00,     1  ],
        "CE_DACB":                      		[0.00049,   0.05,    11  ],
        "CE_NMOS":                      		[0.00038,   0.02,    11  ],
        "CE2_COL_CE_COL_AP_IBIASN":             	[0.03804,   1.069,  1000  ],
        "CE2_MAT_CE_MAT_AP_IBIAS4SF_DP_IBIASF": 	[0.38086,  -0.067, 11000  ],
        "CE2_A1V33_CE_PMOS_AP_DP_IRESET":         	[0.00319,   0.217,   150  ]
    },
    "VDAC": {
        "CE2_VLOW_CE_VRESET":                    	[0.09891,   7.924,  1300  ],
        "CE2_VOFFSET_CE_VOFFSET_AP_DP_VH":          	[0.03803,   10.739,  1300  ]
    }
}
